{
  "timestamp": "2025-08-09T10:56:49.115617",
  "target_ms": 100,
  "overall_success": false,
  "scenarios": {
    "Cold Start (First Request)": {
      "min": 189.70394134521484,
      "max": 189.70394134521484,
      "avg": 189.70394134521484,
      "median": 189.70394134521484,
      "p95": 189.70394134521484,
      "total_time": 189.75186347961426,
      "requests": 1,
      "errors": 0,
      "success_rate": 100.0
    },
    "Warm Cache (Sequential)": {
      "min": 4.046440124511719,
      "max": 5.655050277709961,
      "avg": 4.390048980712891,
      "median": 4.246830940246582,
      "p95": 5.655050277709961,
      "total_time": 44.122934341430664,
      "requests": 10,
      "errors": 0,
      "success_rate": 100.0
    },
    "Concurrent Load (5 requests)": {
      "min": 4.624605178833008,
      "max": 20.261049270629883,
      "avg": 12.659931182861328,
      "median": 12.926816940307617,
      "p95": 20.261049270629883,
      "total_time": 20.519018173217773,
      "requests": 5,
      "errors": 0,
      "success_rate": 100.0
    },
    "Heavy Load (20 requests)": {
      "min": 19.741296768188477,
      "max": 73.60172271728516,
      "avg": 30.927979946136475,
      "median": 25.017380714416504,
      "p95": 73.60172271728516,
      "total_time": 74.23686981201172,
      "requests": 20,
      "errors": 0,
      "success_rate": 100.0
    }
  }
}